age,sex,texture_score,edge_score,shape_score,image_angle
6,F,5.4803834,1.3148608,4.5751424,AP
10,F,5.055239,0.68257624,5.246008,AP
13,F,4.8018622,1.0840948,4.417682,AP
25,F,4.8386602,1.1032816,4.9084425,AP
31,F,5.1634803,1.119308,4.3986306,AP
37,F,5.066166,1.1730729,5.0300865,AP
38,F,5.8819666,1.00802,4.922601,AP
63,F,5.354213,1.1071209,5.37765,AP
79,F,5.591578,0.879771,5.726061,AP
6,M,4.969064,1.2645819,5.0537605,AP
20,M,5.3030667,1.1518514,4.9147425,AP
22,M,4.6966496,1.1945039,4.999784,AP
